{
    "M1": {
        "start":"q0",
        "accepts":["q1"],

        "machine": {
            "q0": {
                "a":["q1"],
                "b":["q0"]
            },
            "q1": {
                "a":["q1"],
                "b":["q0"]
            }
        }
    },
    "M2": {
        "start":"q0",
        "accepts":["q2"],

        "machine": {
            "q0": {
                "a":["q1"],
                "b":["q0"]
            },
            "q1": {
                "a":["q2"],
                "b":["q0"]
            },
            "q2": {
                "a":["q0"],
                "b":["q1", "q2"]
            }
        }
    },
    "M3": {
        "start":"q0",
        "accepts":["q3"],

        "machine": {
            "q0": {
                "a":["q1"],
                "b":["q0", "q1"]
            },
            "q1": {
                "a":["q2"],
                "b":["q0"]
            },
            "q2": {
                "a":["q0"],
                "b":["q1", "q3"]
            },
            "q3": {
                "a":["q3"],
                "b":["q3"]
            }
        }
    },
    "M4": {
        "start":"q0",
        "accepts":["q0","q3"],

        "machine": {
            "q0": {
                "a":["q1"],
                "b":["q0"]
            },
            "q1": {
                "a":["q2"]
            },
            "q2": {
                "a":["q3"]
            },
            "q3": {
                "b":["q0"]
            }
        }
    },
    "M5": {
        "start":"q0",
        "accepts":["q1","q2"],

        "machine": {
            "q0": {
                "λ":["q1","q2"]
            },
            "q1": {
                "a":["q1"]
            },
            "q2": {
                "b":["q2"]
            }
        }
    },
    "M6": {
        "start":"q0",
        "accepts":["q0"],

        "machine": {
            "q0": {
                "a":["q1"],
                "b":["q1"]

            },
            "q1": {

            }
        }
    },
    "M7": {
        "start":"q0",
        "accepts":["q3"],

        "machine": {
            "q0": {
                "a":["q0"],
                "b":["q0"],
                "λ":["q1"]
            },
            "q1": {
                "λ":["q2"]
            },
            "q2": {
                "λ":["q3"]
            },
            "q3": {

            }
        }
    },
    "M8": {
        "start":"q0",
        "accepts":["q1"],

        "machine": {
            "q0": {
                "λ":["q1"]
            },
            "q1": {
                "a":["q3"],
                "b":["q2"]
            },
            "q2": {
                "a":["q1"],
                "b":["q4"]
            },
            "q3": {
                "a":["q1"]
            },
            "q4": {
                "b":["q2"]
            }
        }
    },
    "M9": {
        "start":"q0",
        "accepts":["q1"],

        "machine": {
            "q0": {
                "a":["q1"],
                "b":["q0"]
            },
            "q1": {
                "a":["q1"],
                "b":["q2"]
            },
            "q2": {
                "a":["q2"],
                "b":["q2"]
            }
        }
    },
    "M10": {
        "start": "q0q0",
        "accepts": [
            "q0q1",
            "q1q0",
            "q1q1",
            "q1q2"
        ],
        "machine": {
            "q0q0": {
                "a": [
                    "q1q1"
                ],
                "b": [
                    "q0q0"
                ]
            },
            "q0q1": {
                "a": [
                    "q1q1"
                ],
                "b": [
                    "q0q2"
                ]
            },
            "q0q2": {
                "a": [
                    "q1q2"
                ],
                "b": [
                    "q0q2"
                ]
            },
            "q1q0": {
                "a": [
                    "q1q1"
                ],
                "b": [
                    "q0q0"
                ]
            },
            "q1q1": {
                "a": [
                    "q1q1"
                ],
                "b": [
                    "q0q2"
                ]
            },
            "q1q2": {
                "a": [
                    "q1q2"
                ],
                "b": [
                    "q0q2"
                ]
            }
        }
    }    
}