{
    "M1": {
        "start":"q0",
        "accepts":["q7"],
        "stack": "#",

        "machine": {
            "q0": {
                "λ": [
                    {"goto":"q1", "pop":"λ", "push":"S"}
                ]
            },
            "q1": {
                "λ": [
                    {"goto":"q1", "pop":"S", "push":"F"},
                    {"goto":"q2", "pop":"S", "push":"F"},
                    {"goto":"q3", "pop":"P", "push":"+"},
                    {"goto":"q1", "pop":"F", "push":"A"},
                    {"goto":"q4", "pop":"F", "push":"A"},
                    {"goto":"q5", "pop":"Q", "push":"*"},
                    {"goto":"q7", "pop":"#", "push":"λ"}
                ],
                "+": [
                    {"goto":"q1", "pop":"+", "push":"λ"}
                ],
                "*": [
                    {"goto":"q1", "pop":"*", "push":"λ"}
                ],
                "a": [
                    {"goto":"q1", "pop":"A", "push":"λ"}
                ],
                "b": [
                    {"goto":"q1", "pop":"A", "push":"λ"}
                ],
                "(": [
                    {"goto":"q6", "pop":"A", "push":"S"}
                ],
                ")": [
                    {"goto":"q1", "pop":"R", "push":"λ"}
                ]
            },
            "q2": {
                "λ": [
                    {"goto":"q1", "pop":"λ", "push":"P"}
                ]
            },
            "q3": {
                "λ": [
                    {"goto":"q1", "pop":"λ", "push":"S"}
                ]
            },
            "q4": {
                "λ": [
                    {"goto":"q1", "pop":"λ", "push":"Q"}
                ]
            },
            "q5": {
                "λ": [
                    {"goto":"q1", "pop":"λ", "push":"F"}
                ]
            },
            "q6": {
                "λ": [
                    {"goto":"q1", "pop":"λ", "push":"R"}
                ]
            },
            "q7": {

            }
        }
    }
}