{
    "M1": {
        "start":"peepeepoopoo",
        "accepts":["q0"],

        "machine": {
            "q0": {
                "a":["q0"],
                "b":["q0"]
            }
        }
    },
    "M2": {
        "start":"q0",
        "accepts":[],

        "machine": {
            "q0": {
                "a":["q0"],
                "b":["q0"]
            }
        }
    },
    "M3": {
        "start":"q0",
        "accepts":["q10"],

        "machine": {
            "q0": {
                "a":["q0"],
                "b":["q0"]
            }
        }
    },
    "M4": {
        "start":"q0",
        "accepts":["q3"],
        "stack": "#",

        "machine": {

        }
    }
}