{
    "M1": {
        "start":"q0",
        "accepts":["q3"],
        "stack": "#",

        "machine": {
            "q0": {
                "λ": [
                    {"goto":"q1", "pop":"λ", "push":"λ"}
                ]
            },
            "q1": {
                "λ": [
                    {"goto":"q2", "pop":"λ", "push":"λ"}
                ],
                "a":[
                    {"goto":"q1", "pop":"λ", "push":"A"}
                ]
            },
            "q2": {
                "λ": [
                    {"goto":"q3", "pop":"λ", "push":"λ"}
                ],
                "b":[
                    {"goto":"q2", "pop":"A", "push":"λ"}
                ]
            },
            "q3": {
                "λ": [
                    {"goto":"q3", "pop":"#", "push":"λ"}
                ]
            }
        }
    },
    "M2": {
        "start":"q0",
        "accepts":["q4"],
        "stack": "#",

        "machine": {
            "q0": {
                "λ": [
                    {"goto":"q1", "pop":"λ", "push":"λ"}
                ]
            },
            "q1": {
                "λ": [
                    {"goto":"q3", "pop":"λ", "push":"λ"}
                ],
                "a":[
                    {"goto":"q2", "pop":"λ", "push":"A"}
                ]
            },
            "q2": {
                "a":[
                    {"goto":"q1", "pop":"λ", "push":"λ"}
                ]
            },
            "q3": {
                "λ": [
                    {"goto":"q4", "pop":"#", "push":"λ"}
                ],
                "b":[
                    {"goto":"q3", "pop":"A", "push":"λ"}
                ]
            },
            "q4": {

            }
        }
    }
}